{
  "version": 1,
  "author": "Čavar",
  "editor": "wokwi",
  "parts": [
    { "type": "board-esp32-devkit-c-v4", "id": "esp", "top": 0, "left": 0, "attrs": {} },
    {
      "type": "wokwi-pushbutton",
      "id": "btn1",
      "top": 140.6,
      "left": -124.8,
      "attrs": { "color": "green", "xray": "1", "bounce": "0" }
    },
    {
      "type": "wokwi-ntc-temperature-sensor",
      "id": "ntc1",
      "top": 31.4,
      "left": -202.2,
      "attrs": {}
    },
    { "type": "wokwi-dht22", "id": "dht1", "top": -47.7, "left": 177, "attrs": {} }
  ],
  "connections": [
    [ "esp:TX", "$serialMonitor:RX", "", [] ],
    [ "esp:RX", "$serialMonitor:TX", "", [] ],
    [ "btn1:2.r", "esp:GND.1", "black", [ "h38.6", "v-9.4" ] ],
    [ "btn1:1.r", "esp:13", "green", [ "v9.6", "h29", "v19.2" ] ],
    [ "ntc1:OUT", "esp:34", "green", [ "h0" ] ],
    [ "ntc1:GND", "esp:GND.1", "black", [ "h38.4", "v96" ] ],
    [ "ntc1:VCC", "esp:5V", "red", [ "h57.6", "v134.4" ] ],
    [ "dht1:GND", "esp:GND.3", "black", [ "v0" ] ],
    [ "dht1:VCC", "esp:3V3", "red", [ "v0", "h-76.8", "v-76.8", "h-124.8" ] ],
    [ "dht1:SDA", "esp:15", "green", [ "v0" ] ]
  ],
  "dependencies": {}
}